institucion_nombre,institucion_direccion,api,coordenadas,lat,lon,departamento_id,departamento_nombre,latitud,longitud,municipio_id,municipio_nombre,provincia_id,provincia_nombre,carrera_grupo,carrera_nombre
Universidad CAECE,Av. de Mayo 866,http://apis.datos.gob.ar/georef/api/direcciones?direccion=Av. de Mayo 866,"-34.608865810462795,-58.378716306442456",-34.608865810462795,-58.378716306442456,02007,Comuna 1,-34.608865810462795,-58.378716306442456,,,02,Ciudad Autónoma de Buenos Aires,"Economicas,Psicologia,Ingenieria,Exactas,Tecnologia,Arte,Sociales,Deporte,Naturales,Educacion,Salud","Gestion y Administracion de Empresas,Higiene y Seguridad Industrial,Ciencias de la Educacion,Psicologia,Relaciones Publicas,Administracion de Empresas Agropecuarias,Administracion Hotelera,Ingenieria en Sistemas,Contador Publico Nacional,Diseño Grafico,Filosofia,Finanzas y Negocios,Administracion Hospitalaria y de Sistemas de Salud,Formacion Docente para el nivel medio y/o superior universitario y no universitario,Educacion Especial,Ingenieria Industrial,Periodismo,Tecnologia y Ciencias Aplicadas,Educacion Fisica y Deportes,Comunicacion Social,Comercializacion y Marketing,Sociologia,Marketing y Comercializacion,Formacion Docente para el nivel medio y/o superior universitario y no,Computacion, Sistemas e Informatica,Ciencia Politica,Matematica,Quimica,Comercio Exterior,Biologia,Ciencias del Ambiente y Recursos Naturales,Turismo y Hoteleria,Publicidad,Actividad Fisica y Deportes,Psicopedagogia,Ingles"
Universidad Nacional de Córdoba,Av. Haya de la Torre s/n,http://apis.datos.gob.ar/georef/api/direcciones?direccion=Av. Haya de la Torre s/n&provincia=14,"-31.4354809,-64.1877589",-31.4354809,-64.1877589,14014,Capital,-31.4354809,-64.1877589,140077,Córdoba,14,Córdoba,,
Universidad Nacional de Rosario,Maipú 1065,http://apis.datos.gob.ar/georef/api/direcciones?direccion=Maipú 1065&provincia=82,"-32.950309649805945,-60.636126952347716",-32.950309649805945,-60.636126952347716,82084,Rosario,-32.950309649805945,-60.636126952347716,,,82,Santa Fe,"Economicas,Psicologia,Ingenieria,Exactas,Tecnologia,Arte,Sociales,Letras,Otros,Abogado,Arquitectura,Naturales,Derecho,Educacion,Salud","Ingenieria Vial,Gestion y Administracion de Empresas,Higiene y Seguridad Industrial,Ingenieria Agronomica,Psicologia,Administracion de Empresas Agropecuarias,Administracion Hotelera,Ingenieria Civil,Administracion Hospitalaria y de Sistemas de Salud,Salud Publica,Comunicacion Social,Electromecanica,Farmacia,Enfermeria,Musica,Historia,Comercializacion y Marketing,Sociologia,Ingenieria Mecanica,Artes Plasticas,Electronica,Ciencias de la Educacion,Ingenieria en Construcciones,Odontologia,Organizacion y Produccion Industrial,Tecnologia y Ciencias Aplicadas,Artes Audiovisuales,Relaciones Laborales,Computacion, Sistemas e Informatica,optica,Letras,Fonoaudiologia,Ciencia Politica,Produccion Animal,Abogacia,Criminologia,Ingenieria Electronica,Relaciones Internacionales,Anestesiologia,Portugues,Administracion Publica,Formacion Docente para el nivel medio y/o superior universitario y no universitario,Economia,Obstetricia,Ingenieria Electrica,Ingenieria Basica,Agrimensura,Tecnologia e Ingenieria en Alimentos,Kinesiologia,Antropologia,Geriatria y Gerontologia,Veterinaria,Matematica,Medicina,Quimica,Ciencias del Ambiente y Recursos Naturales,Derecho y Ciencias Juridicas,Radiologia y Diagnostico por Imagenes,Geofisica,Produccion e Ingenieria Agropecuaria,Construcciones,Contador Publico Nacional,Filosofia,Finanzas y Negocios,Ingenieria Industrial,Carrera No Definida,Trabajo Social,Notariado,Fisica,Arquitectura y Urbanismo,Ingenieria en Materiales,Formacion Docente para el nivel medio y/o superior universitario y no,Estadistica,Ingenieria en Agrimensura,Ingenieria Hidraulica,Bioquimica,Comercio Exterior,Biologia,Bioingenieria,Contabilidad"
Universidad Nacional de Río Cuarto,Ruta Nac. 36 - Km. 601,http://apis.datos.gob.ar/georef/api/direcciones?direccion=Ruta Nac. 36 - Km. 601&provincia=14,"-33.084594014186514,-64.3349444221352",-33.084594014186514,-64.3349444221352,14098,Río Cuarto,-33.084594014186514,-64.3349444221352,140861,Río Cuarto,14,Córdoba,,
Universidad Nacional de San Juan,Mitre 396,http://apis.datos.gob.ar/georef/api/direcciones?direccion=Mitre 396,"-31.5354691,-68.5412352,15",-31.5354691,-68.5412352,70028,Capital,-31.5354691,-68.5412352,700028,San Juan,70,San Juan,"Economicas,Ingenieria,Exactas,Tecnologia,Arte,Sociales,Letras,Abogado,Arquitectura,Naturales,Educacion,Salud","Ingenieria Vial,Gestion y Administracion de Empresas,Ingenieria Agronomica,Ciencias de la Educacion,Ingenieria en Construcciones,Tecnologia e Ingenieria Minera,Ingenieria en Sistemas,Ingenieria Civil,Diseño Grafico,Contador Publico Nacional,Filosofia,Martillero Publico,Administracion Publica,Educacion Basica,Ingenieria Metalurgica,Ingenieria Industrial,Periodismo,Formacion Docente para el nivel medio y/o superior universitario y no universitario,Tecnologia y Ciencias Aplicadas,Trabajo Social,Comunicacion Social,Artes Audiovisuales,Ingenieria Electrica,Enfermeria,Ingenieria Electromecanica,Musica,Produccion e Ingenieria Agropecuaria,Historia,Sociologia,Arquitectura y Urbanismo,Agrimensura,Formacion Docente para el nivel medio y/o superior universitario y no,Computacion, Sistemas e Informatica,Formacion Docente de Nivel Superior y Universitario,Astronomia,Ingenieria Mecanica,Ingenieria en Agrimensura,Letras,Tecnologia e Ingenieria en Alimentos,Ingenieria Hidraulica,Artes Plasticas,Ciencia Politica,Matematica,Ingenieria Quimica,Quimica,Abogacia,Diseño Industrial,Turismo y Hoteleria,Biologia,Publicidad,Ciencias del Ambiente y Recursos Naturales,Criminologia,Bioingenieria,Ingenieria Electronica,Ingles,Geografia,Geologia,Arqueologia,Geofisica,Mineria"
Universidad Nacional de San Luis,Ejército de los Andes 950,http://apis.datos.gob.ar/georef/api/direcciones?direccion=Ejército de los Andes 950,"-33.2962223,-66.3441194",-33.2962223,-66.3441194,74056,Juan Martín de Pueyrredón,-33.2962223,-66.3441194,740133,San Luis,74,San Luis,"Economicas,Psicologia,Ingenieria,Exactas,Tecnologia,Arte,Sociales,Abogado,Arquitectura,Naturales,Derecho,Educacion,Salud","Ingenieria Vial,Gestion y Administracion de Empresas,Ingenieria Agronomica,Ciencias de la Educacion,Psicologia,Higiene y Seguridad Industrial,Tecnologia e Ingenieria Minera,Ingenieria en Sistemas,Filosofia,Contador Publico Nacional,Organizacion y Produccion Industrial,Finanzas y Negocios,Martillero Publico,Formacion Docente para el nivel medio y/o superior universitario y no universitario,Educacion Especial,Ingenieria Industrial,Periodismo,Economia,Tecnologia y Ciencias Aplicadas,Locucion,Administracion y Gestion Cultural,Trabajo Social,Educacion Fisica y Deportes,Bromatologia,Comunicacion Social,Ingenieria Electrica,Farmacia,Enfermeria,Ingenieria Electromecanica,Musica,Artes Audiovisuales,Sociologia,Fisica,Derecho y Ciencias Juridicas,Formacion Docente para el nivel medio y/o superior universitario y no,Nutricion,Computacion, Sistemas e Informatica,Educacion Inicial,Laboratorio,Tecnologia e Ingenieria en Alimentos,Letras,Kinesiologia,Paisajismo, Jardineria y Floricultura,Fonoaudiologia,Artes Plasticas,Redes y Telecomunicaciones,Ciencia Politica,Matematica,Medicina,Otros Idiomas,Ingenieria Quimica,Produccion Animal,Abogacia,Quimica,Electronica,Bioquimica,Ciencias del Ambiente y Recursos Naturales,Biologia,Turismo y Hoteleria,Servicio Social,Geofisica,Ingenieria Electronica,Psicopedagogia,Ingles,Bioingenieria,Geologia,Produccion e Ingenieria Agropecuaria,Mineria,Administracion y Gestion Ambiental"
Universidad Nacional del Comahue,Av. Santa Fe 1845,http://apis.datos.gob.ar/georef/api/direcciones?direccion=Av. Santa Fe 1845&provincia=2,"-34.59583822943477,-58.393932130303796",-34.59583822943477,-58.393932130303796,02014,Comuna 2,-34.59583822943477,-58.393932130303796,,,02,Ciudad Autónoma de Buenos Aires,"Economicas,Psicologia,Ingenieria,Exactas,Tecnologia,Sociales,Letras,Abogado,Naturales,Derecho,Educacion,Salud","Gestion y Administracion de Empresas,Ingenieria Agronomica,Ciencias de la Educacion,Psicologia,Higiene y Seguridad Industrial,Tecnologia e Ingenieria Minera,Administracion de Empresas Agropecuarias,Administracion Hotelera,Ingenieria Civil,Sanidad y Saneamiento Ambiental,Enologia y Frutihorticultura,Contador Publico Nacional,Filosofia,Administracion Hospitalaria y de Sistemas de Salud,Ingenieria Geodesta Geofisica, Nuclear, Energetica y en Petroleo,Educacion Basica,Administracion Publica,Formacion Docente para el nivel medio y/o superior universitario y no universitario,Ingenieria Industrial,Economia,Carrera No Definida,Locucion,Bromatologia,Educacion Fisica y Deportes,Trabajo Social,Ingenieria Electrica,Comunicacion Social,Enfermeria,Historia,Sociologia,Comercializacion y Marketing,Derecho y Ciencias Juridicas,Relaciones Institucionales y Humanas,Produccion e Ingenieria Pesquera,Marketing y Comercializacion,Relaciones Laborales,Arquitectura y Urbanismo,Formacion Docente para el nivel medio y/o superior universitario y no,Ingenieria Forestal e Industrias de la Madera,Computacion, Sistemas e Informatica,Formacion Docente de Nivel Superior y Universitario,Educacion Inicial,Ingenieria Mecanica,Estadistica,Bibliotecologia y Documentacion,Tecnologia e Ingenieria en Alimentos,Letras,Paisajismo, Jardineria y Floricultura,Antropologia,Topografia y Cartografia,Ciencia Politica,Matematica,Medicina,Produccion Animal,Ingenieria Quimica,Servicio Social,Abogacia,Contabilidad,Quimica,Turismo y Hoteleria,Biologia,Ciencias del Ambiente y Recursos Naturales,Ingenieria Electronica,Psicopedagogia,Ingles,Geografia,Geologia,Produccion e Ingenieria Agropecuaria,Administracion y Gestion Ambiental"
Universidad Nacional del Sur,Av. Alem 1253,http://apis.datos.gob.ar/georef/api/direcciones?direccion=Av. Alem 1253&provincia=6,"-38.67866305629395,-62.29611089500422",-38.67866305629395,-62.29611089500422,06056,Bahía Blanca,-38.67866305629395,-62.29611089500422,060056,Bahía Blanca,06,Buenos Aires,"Economicas,Ingenieria,Exactas,Tecnologia,Arte,Sociales,Abogado,Arquitectura,Naturales,Derecho,Educacion,Salud","Ingenieria Agronomica,Gestion y Administracion de Empresas,Higiene y Seguridad Industrial,Ciencias de la Educacion,Administracion de Empresas Agropecuarias,Ingenieria en Sistemas,Ingenieria Civil,Contador Publico Nacional,Administracion Hospitalaria y de Sistemas de Salud,Filosofia,Finanzas y Negocios,Martillero Publico,Administracion Publica,Educacion Basica,Formacion Docente para el nivel medio y/o superior universitario y no universitario,Ingenieria Industrial,Economia,Tecnologia y Ciencias Aplicadas,Comercio Internacional,Administracion y Gestion Cultural,Salud Publica,Ingenieria Electrica,Artes Audiovisuales,Farmacia,Enfermeria,Ingenieria Electromecanica,Historia,Comercializacion y Marketing,Sociologia,Fisica,Relaciones Laborales,Arquitectura y Urbanismo,Agrimensura,Formacion Docente para el nivel medio y/o superior universitario y no,Ingenieria en Materiales,Computacion, Sistemas e Informatica,Educacion Inicial,Ingenieria Mecanica,optica,Tecnologia e Ingenieria en Alimentos,Letras,Ingenieria en Agrimensura,Ciencia Politica,Matematica,Medicina,Contabilidad,Ingenieria Quimica,Quimica,Abogacia,Bioquimica,Geofisica,Ciencias del Ambiente y Recursos Naturales,Biologia,Turismo y Hoteleria,Ingenieria Electronica,Derecho y Ciencias Juridicas,Geografia,Geologia,Produccion e Ingenieria Agropecuaria"
Universidad de Buenos Aires,Viamonte 430,http://apis.datos.gob.ar/georef/api/direcciones?direccion=Viamonte 430&provincia=2,"-34.59971093266858,-58.37308898582941",-34.59971093266858,-58.37308898582941,02007,Comuna 1,-34.59971093266858,-58.37308898582941,,,02,Ciudad Autónoma de Buenos Aires,"Economicas,Psicologia,Ingenieria,Exactas,Tecnologia,Arte,Sociales,Letras,Deporte,Otros,Abogado,Arquitectura,Naturales,Derecho,Educacion,Salud","Ingenieria Vial,Higiene y Seguridad Industrial,Ingenieria Agronomica,Gestion y Administracion de Empresas,Psicologia,Administracion de Empresas Agropecuarias,Ingenieria en Sistemas,Ingenieria Civil,Administracion Hospitalaria y de Sistemas de Salud,Martillero Publico,Ingenieria Metalurgica,Ingenieria en Telecomunicaciones,Salud Publica,Comunicacion Social,Farmacia,Enfermeria,Aleman,Musica,Historia,Comercializacion y Marketing,Sociologia,Meteorologia,Italiano,Terapia Ocupacional,Formacion Docente de Nivel Superior y Universitario,Ingenieria Mecanica,Logistica y Transportes,Artes Plasticas,Diseño Industrial,Ciencias de la Educacion,Odontologia,Diseño Grafico,Organizacion y Produccion Industrial,Ingenieria Geodesta Geofisica, Nuclear, Energetica y en Petroleo,Tecnologia y Ciencias Aplicadas,Bromatologia,Artes Audiovisuales,Relaciones Laborales,Diseño Textil y de Indumentaria,Computacion, Sistemas e Informatica,Astronomia,optica,Educacion Media,Letras,Paisajismo, Jardineria y Floricultura,Fonoaudiologia,Ciencia Politica,Otros Idiomas,Ingenieria Quimica,Produccion Animal,Abogacia,Criminologia,Ingenieria Electronica,Diseño de Interiores,Instrumentacion Quirurgica,Arqueologia,Relaciones Internacionales,Portugues,Anestesiologia,Sanidad y Saneamiento Ambiental,Administracion Publica,Frances,Formacion Docente para el nivel medio y/o superior universitario y no universitario,Economia,Obstetricia,Ingenieria Naval,Ingenieria Electrica,Marketing y Comercializacion,Agrimensura,Ingenieria Forestal e Industrias de la Madera,Bioterio,Nutricion,Educacion Inicial,Bibliotecologia y Documentacion,Tecnologia e Ingenieria en Alimentos,Kinesiologia,Antropologia,Veterinaria,Matematica,Medicina,Quimica,Ciencias del Ambiente y Recursos Naturales,Turismo y Hoteleria,Dermatologia y Podologia,Psicopedagogia,Ingles,Derecho y Ciencias Juridicas,Geologia,Produccion e Ingenieria Agropecuaria,Radiologia y Diagnostico por Imagenes,Administracion y Gestion Ambiental,Construcciones,Contador Publico Nacional,Filosofia,Finanzas y Negocios,Ingenieria Industrial,Periodismo,Comercio Internacional,Carrera No Definida,Administracion y Gestion Cultural,Trabajo Social,Fisica,Arquitectura y Urbanismo,Formacion Docente para el nivel medio y/o superior universitario y no,Laboratorio,Estadistica,Ingenieria en Agrimensura,Actuario,Ingenieria Hidraulica,Redes y Telecomunicaciones,Bioquimica,Comercio Exterior,Biologia,Bioingenieria,Contabilidad,Geografia"
Universidad Católica de Salta,Av. Presidente Roque Sáenz Peña 950,http://apis.datos.gob.ar/georef/api/direcciones?direccion=Av. Presidente Roque Sáenz Peña 950&provincia=2,"-24.7399552,-65.3940334",-24.7399552,-65.3940334,66028,Capital,-24.7399552,-65.3940334,660063,Salta,66,Salta,,
Universidad Champagnat,Belgrano 721,http://apis.datos.gob.ar/georef/api/direcciones?direccion=Belgrano 721,"-33.8848483,-67.5266833",-33.8848483,-67.5266833,50112,Santa Rosa,-33.8848483,-67.5266833,500112,Santa Rosa,50,Mendoza,"Economicas,Tecnologia,Arte,Sociales,Abogado,Naturales,Derecho","Gestion y Administracion de Empresas,Secretariado,Relaciones Internacionales,Relaciones Publicas,Contador Publico Nacional,Diseño Grafico,Martillero Publico,Notariado,Comercializacion y Marketing,Derecho y Ciencias Juridicas,Relaciones Institucionales y Humanas,Computacion, Sistemas e Informatica,Contabilidad,Abogacia,Comercio Exterior,Ciencias del Ambiente y Recursos Naturales,Turismo y Hoteleria,Diseño de Interiores,Administracion y Gestion Ambiental"
Universidad Nacional de Jujuy,Av. Bolivia 1239,http://apis.datos.gob.ar/georef/api/direcciones?direccion=Av. Bolivia 1239,"-24.1826176,-65.3203807",-24.1826176,-65.3203807,38021,Dr. Manuel Belgrano,-24.1826176,-65.3203807,380035,San Salvador de Jujuy,38,Jujuy,"Economicas,Ingenieria,Exactas,Tecnologia,Sociales,Deporte,Naturales,Educacion,Salud","Ingenieria Agronomica,Gestion y Administracion de Empresas,Ciencias de la Educacion,Tecnologia e Ingenieria Minera,Ingenieria en Sistemas,Sanidad y Saneamiento Ambiental,Contador Publico Nacional,Filosofia,Ingenieria Geodesta Geofisica, Nuclear, Energetica y en Petroleo,Administracion Publica,Formacion Docente para el nivel medio y/o superior universitario y no universitario,Ingenieria Metalurgica,Ingenieria Industrial,Economia,Bromatologia,Trabajo Social,Comunicacion Social,Historia,Sociologia,Fisica,Formacion Docente para el nivel medio y/o superior universitario y no,Ingenieria Forestal e Industrias de la Madera,Computacion, Sistemas e Informatica,Formacion Docente de Nivel Superior y Universitario,Tecnologia e Ingenieria en Alimentos,Letras,Antropologia,Matematica,Ingenieria Quimica,Quimica,Bioquimica,Biologia,Contabilidad,Geologia,Produccion e Ingenieria Agropecuaria,Mineria"
Universidad Nacional de La Plata,Av. 7 776,http://apis.datos.gob.ar/georef/api/direcciones?direccion=Av. 7 776&provincia=6,"-34.89439984475497,-57.97717980074897",-34.89439984475497,-57.97717980074897,06441,La Plata,-34.89439984475497,-57.97717980074897,060441,La Plata,06,Buenos Aires,"Economicas,Psicologia,Ingenieria,Exactas,Tecnologia,Arte,Sociales,Letras,Deporte,Abogado,Arquitectura,Naturales,Derecho,Educacion,Salud","Ingenieria Vial,Higiene y Seguridad Industrial,Ingenieria Agronomica,Gestion y Administracion de Empresas,Psicologia,Ingenieria en Sistemas,Ingenieria Civil,Administracion Hospitalaria y de Sistemas de Salud,Martillero Publico,Ingenieria Metalurgica,Comunicacion Social,Farmacia,Enfermeria,Musica,Historia,Sociologia,Meteorologia,Teatro y Danza,Formacion Docente de Nivel Superior y Universitario,Ingenieria Mecanica,Artes Plasticas,Diseño Industrial,Ingeniero en Alimentos,Ciencias de la Educacion,Ingenieria en Construcciones,Odontologia,Diseño Grafico,Artes Audiovisuales,Ingenieria Electromecanica,Computacion, Sistemas e Informatica,Ingenieria Aeronautica,Astronomia,optica,Letras,Paisajismo, Jardineria y Floricultura,Fonoaudiologia,Ciencia Politica,Ingenieria Quimica,Abogacia,Ingenieria Electronica,Instrumentacion Quirurgica,Relaciones Internacionales,Formacion Docente para el nivel medio y/o superior universitario y no universitario,Frances,Economia,Obstetricia,Educacion Fisica y Deportes,Ingenieria Electrica,Ingenieria en Vias de Comunicacion,Marketing y Comercializacion,Ingenieria Basica,Agrimensura,Ingenieria Forestal e Industrias de la Madera,Nutricion,Ingenieria Hidrografica,Bibliotecologia y Documentacion,Tecnologia e Ingenieria en Alimentos,Antropologia,Veterinaria,Matematica,Medicina,Quimica,Turismo y Hoteleria,Ciencias del Ambiente y Recursos Naturales,Psicopedagogia,Ingles,Derecho y Ciencias Juridicas,Geologia,Radiologia y Diagnostico por Imagenes,Geofisica,Produccion e Ingenieria Agropecuaria,Administracion y Gestion Ambiental,Contador Publico Nacional,Filosofia,Finanzas y Negocios,Ingenieria Industrial,Periodismo,Ingenieria Ambiental,Carrera No Definida,Trabajo Social,Notariado,Fisica,Arquitectura y Urbanismo,Ingenieria en Materiales,Formacion Docente para el nivel medio y/o superior universitario y no,Laboratorio,Estadistica,Ingenieria en Agrimensura,Ingenieria Hidraulica,Redes y Telecomunicaciones,Bioquimica,Biologia,Actividad Fisica y Deportes,Bioingenieria,Contabilidad,Geografia"
Universidad Nacional de Luján,"Avenida Constitución, Ruta 5","http://apis.datos.gob.ar/georef/api/direcciones?direccion=Avenida Constitución, Ruta 5&provincia=6","-34.5774091,-59.0909557",-34.5774091,-59.0909557,06497,Luján,-34.5774091,-59.0909557,060497,Luján,06,Buenos Aires,,
Universidad Nacional de Santiago del Estero,Avenida Belgrano Sur 1912,http://apis.datos.gob.ar/georef/api/direcciones?direccion=Avenida Belgrano Sur 1912,"-27.8014246,-64.2531763",-27.8014246,-64.2531763,86049,Capital,-27.8014246,-64.2531763,,,86,Santiago del Estero,"Economicas,Ingenieria,Exactas,Tecnologia,Arte,Sociales,Arquitectura,Naturales,Educacion,Salud","Ingenieria Vial,Ingenieria Agronomica,Gestion y Administracion de Empresas,Ciencias de la Educacion,Higiene y Seguridad Industrial,Relaciones Internacionales,Construcciones,Ingenieria Civil,Sanidad y Saneamiento Ambiental,Organizacion y Produccion Industrial,Contador Publico Nacional,Filosofia,Educacion Basica,Administracion Publica,Formacion Docente para el nivel medio y/o superior universitario y no universitario,Ingenieria Industrial,Obstetricia,Carrera No Definida,Administracion y Gestion Cultural,Trabajo Social,Ingenieria Electrica,Enfermeria,Ingenieria Electromecanica,Ingenieria en Vias de Comunicacion,Historia,Sociologia,Formacion Docente para el nivel medio y/o superior universitario y no,Ingenieria Forestal e Industrias de la Madera,Computacion, Sistemas e Informatica,Formacion Docente de Nivel Superior y Universitario,Educacion Inicial,Bibliotecologia y Documentacion,Tecnologia e Ingenieria en Alimentos,Ingenieria en Agrimensura,Letras,Paisajismo, Jardineria y Floricultura,Antropologia,Ingenieria Hidraulica,Topografia y Cartografia,Matematica,Medicina,Otros Idiomas,Produccion Animal,Quimica,Ciencias del Ambiente y Recursos Naturales,Ingeniero en Alimentos,Ingenieria Electronica,Bioingenieria,Ingles,Produccion e Ingenieria Agropecuaria"
Universidad Nacional de Tucumán,Batalla de Ayacucho 491,http://apis.datos.gob.ar/georef/api/direcciones?direccion=Batalla de Ayacucho 491,"-26.8363912,-65.2133295",-26.8363912,-65.2133295,90084,Capital,-26.8363912,-65.2133295,900014,Municipalidad de San Miguel De Tucuman,90,Tucumán,,
Universidad Nacional de la Patagonia San Juan Bosco,Sarmiento 849,http://apis.datos.gob.ar/georef/api/direcciones?direccion=Sarmiento 849&provincia=26,"-42.91147305328778,-71.32234601161547",-42.91147305328778,-71.32234601161547,26035,Futaleufú,-42.91147305328778,-71.32234601161547,260077,Esquel,26,Chubut,"Economicas,Psicologia,Ingenieria,Exactas,Tecnologia,Sociales,Otros,Abogado,Naturales,Derecho,Educacion,Salud","Gestion y Administracion de Empresas,Higiene y Seguridad Industrial,Ciencias de la Educacion,Psicologia,Relaciones Publicas,Ingenieria Civil,Sanidad y Saneamiento Ambiental,Contador Publico Nacional,Ingenieria Geodesta Geofisica, Nuclear, Energetica y en Petroleo,Administracion Publica,Formacion Docente para el nivel medio y/o superior universitario y no universitario,Ingenieria Industrial,Ingenieria Ambiental,Economia,Tecnologia y Ciencias Aplicadas,Carrera No Definida,Trabajo Social,Comunicacion Social,Farmacia,Enfermeria,Historia,Formacion Docente para el nivel medio y/o superior universitario y no,Ingenieria Forestal e Industrias de la Madera,Computacion, Sistemas e Informatica,Formacion Docente de Nivel Superior y Universitario,Ingenieria Mecanica,Laboratorio,Letras,Ingenieria Hidraulica,Ciencia Politica,Matematica,Medicina,Contabilidad,Ingenieria Quimica,Quimica,Abogacia,Bioquimica,Turismo y Hoteleria,Biologia,Ciencias del Ambiente y Recursos Naturales,Ingenieria Electronica,Psicopedagogia,Derecho y Ciencias Juridicas,Geografia,Geologia,Produccion e Ingenieria Agropecuaria,Administracion y Gestion Ambiental"
Universidad Nacional del Centro de la Provincia de Buenos Aires,Pinto 399,http://apis.datos.gob.ar/georef/api/direcciones?direccion=Pinto 399&provincia=6,"-37.3285417102325,-59.1380501689951",-37.3285417102325,-59.1380501689951,06791,Tandil,-37.3285417102325,-59.1380501689951,060791,Tandil,06,Buenos Aires,"Economicas,Ingenieria,Exactas,Tecnologia,Arte,Sociales,Abogado,Naturales,Derecho,Educacion,Salud","Gestion y Administracion de Empresas,Ingenieria Agronomica,Ciencias de la Educacion,Ingenieria en Construcciones,Relaciones Internacionales,Higiene y Seguridad Industrial,Administracion de Empresas Agropecuarias,Ingenieria en Sistemas,Ingenieria Civil,Sanidad y Saneamiento Ambiental,Contador Publico Nacional,Administracion Hospitalaria y de Sistemas de Salud,Finanzas y Negocios,Formacion Docente para el nivel medio y/o superior universitario y no universitario,Ingenieria Industrial,Periodismo,Economia,Tecnologia y Ciencias Aplicadas,Trabajo Social,Comunicacion Social,Artes Audiovisuales,Enfermeria,Ingenieria Electromecanica,Historia,Sociologia,Fisica,Ingenieria Basica,Relaciones Laborales,Teatro y Danza,Formacion Docente para el nivel medio y/o superior universitario y no,Computacion, Sistemas e Informatica,Radiologia y Diagnostico por Imagenes,Educacion Inicial,Logistica y Transportes,Tecnologia e Ingenieria en Alimentos,Ingenieria en Agrimensura,Antropologia,Ingenieria Hidraulica,Redes y Telecomunicaciones,Veterinaria,Artes Plasticas,Matematica,Medicina,Contabilidad,Ingenieria Quimica,Abogacia,Electronica,Ciencias del Ambiente y Recursos Naturales,Turismo y Hoteleria,Derecho y Ciencias Juridicas,Geografia,Arqueologia,Produccion e Ingenieria Agropecuaria,Administracion y Gestion Ambiental"
Universidad Nacional del Nordeste,25 de mayo 868,http://apis.datos.gob.ar/georef/api/direcciones?direccion=25 de mayo 868,"-27.4607657,-58.9542543",-27.4607657,-58.9542543,22140,San Fernando,-27.4607657,-58.9542543,220413,Resistencia,22,Chaco,"Economicas,Psicologia,Ingenieria,Exactas,Tecnologia,Arte,Sociales,Otros,Abogado,Arquitectura,Naturales,Derecho,Educacion,Salud","Gestion y Administracion de Empresas,Ingenieria Agronomica,Ciencias de la Educacion,Odontologia,Administracion de Empresas Agropecuarias,Ingenieria Civil,Sanidad y Saneamiento Ambiental,Diseño Grafico,Contador Publico Nacional,Filosofia,Finanzas y Negocios,Administracion Hospitalaria y de Sistemas de Salud,Martillero Publico,Educacion Basica,Administracion Publica,Guardaparque,Ingenieria Industrial,Periodismo,Formacion Docente para el nivel medio y/o superior universitario y no universitario,Economia,Carrera No Definida,Administracion y Gestion Cultural,Ingenieria en Telecomunicaciones,Trabajo Social,Ingenieria Electrica,Artes Audiovisuales,Farmacia,Comunicacion Social,Ingenieria Electromecanica,Musica,Enfermeria,Historia,Fisica,Derecho y Ciencias Juridicas,Marketing y Comercializacion,Ingenieria Basica,Relaciones Laborales,Arquitectura y Urbanismo,Agrimensura,Formacion Docente para el nivel medio y/o superior universitario y no,Ingenieria Forestal e Industrias de la Madera,Nutricion,Computacion, Sistemas e Informatica,Formacion Docente de Nivel Superior y Universitario,Educacion Inicial,Ingenieria Mecanica,Bibliotecologia y Documentacion,optica,Tecnologia e Ingenieria en Alimentos,Ingenieria en Agrimensura,Letras,Kinesiologia,Veterinaria,Ciencia Politica,Matematica,Medicina,Produccion Animal,Ingenieria Quimica,Quimica,Abogacia,Bioquimica,Comercio Exterior,Turismo y Hoteleria,Ciencias del Ambiente y Recursos Naturales,Biologia,Criminologia,Ingenieria Electronica,Contabilidad,Geografia,Produccion e Ingenieria Agropecuaria,Administracion y Gestion Ambiental"
Universidad Nacional de La Matanza,Florencio Varela 1903,http://apis.datos.gob.ar/georef/api/direcciones?direccion=Florencio Varela 1903&provincia=6,"-34.67069602536431,-58.5625432692672",-34.67069602536431,-58.5625432692672,06427,La Matanza,-34.67069602536431,-58.5625432692672,060427,La Matanza,06,Buenos Aires,"Economicas,Psicologia,Ingenieria,Exactas,Tecnologia,Arte,Sociales,Letras,Deporte,Abogado,Arquitectura,Naturales,Derecho,Educacion,Salud","Gestion y Administracion de Empresas,Ciencias de la Educacion,Psicologia,Relaciones Publicas,Administracion de Empresas Agropecuarias,Ingenieria en Sistemas,Ingenieria Civil,Contador Publico Nacional,Organizacion y Produccion Industrial,Finanzas y Negocios,Martillero Publico,Administracion Publica,Ingenieria Industrial,Periodismo,Economia,Comercio Internacional,Carrera No Definida,Locucion,Adminsitracion y Produccion de seguros,Ingles,Trabajo Social,Educacion Fisica y Deportes,Comunicacion Social,Enfermeria,Historia,Sociologia,Comercializacion y Marketing,Derecho y Ciencias Juridicas,Relaciones Laborales,Arquitectura y Urbanismo,Nutricion,Computacion, Sistemas e Informatica,Formacion Docente de Nivel Superior y Universitario,Ingenieria Mecanica,Estadistica,Letras,Kinesiologia,Ciencia Politica,Matematica,Medicina,Servicio Social,Abogacia,Comercio Exterior,Actividad Fisica y Deportes,Ingenieria Electronica,Contabilidad,Administracion y Gestion Ambiental"
Universidad Nacional de La Rioja,Av. Luis M. de la Fuente,http://apis.datos.gob.ar/georef/api/direcciones?direccion=Av. Luis M. de la Fuente,"-29.4298962,-66.8709593",-29.4298962,-66.8709593,46014,Capital,-29.4298962,-66.8709593,460014,Capital,46,La Rioja,"Economicas,Religion,Psicologia,Ingenieria,Exactas,Tecnologia,Arte,Sociales,Abogado,Arquitectura,Naturales,Derecho,Educacion,Salud","Gestion y Administracion de Empresas,Ingenieria Agronomica,Ciencias de la Educacion,Psicologia,Relaciones Internacionales,Tecnologia e Ingenieria Minera,Odontologia,Administracion de Empresas Agropecuarias,Ingenieria en Sistemas,Ingenieria Civil,Sanidad y Saneamiento Ambiental,Contador Publico Nacional,Diseño Grafico,Organizacion y Produccion Industrial,Martillero Publico,Administracion Publica,Formacion Docente para el nivel medio y/o superior universitario y no universitario,Ingenieria Ambiental,Ingenieria Industrial,Economia,Carrera No Definida,Ingles,Salud Publica,Trabajo Social,Educacion Fisica y Deportes,Comunicacion Social,Farmacia,Enfermeria,Notariado,Musica,Ingenieria Electromecanica,Historia,Derecho y Ciencias Juridicas,Arquitectura y Urbanismo,Teatro y Danza,Formacion Docente para el nivel medio y/o superior universitario y no,Terapia Ocupacional,Computacion, Sistemas e Informatica,Formacion Docente de Nivel Superior y Universitario,Radiologia y Diagnostico por Imagenes,Teologia,Bibliotecologia y Documentacion,Tecnologia e Ingenieria en Alimentos,Letras,Veterinaria,Artes Plasticas,Ciencia Politica,Matematica,Medicina,Abogacia,Bioquimica,Turismo y Hoteleria,Ciencias del Ambiente y Recursos Naturales,Biologia,Criminologia,Bioingenieria,Ingenieria Electronica,Contabilidad,Psicopedagogia,Geologia,Produccion e Ingenieria Agropecuaria"
Universidad de la Fraternidad de Agrupaciones Santo Tomás de Aquino,Avellaneda 3341,http://apis.datos.gob.ar/georef/api/direcciones?direccion=Avellaneda 3341&provincia=6,"-38.00719142806125,-57.563677285266195",-38.00719142806125,-57.563677285266195,06357,General Pueyrredón,-38.00719142806125,-57.563677285266195,060357,General Pueyrredón,06,Buenos Aires,,
Universidad de la Fraternidad de Agrupaciones Santo Tomás de Aquino,Avellaneda 3341,http://apis.datos.gob.ar/georef/api/direcciones?direccion=Avellaneda 3341&provincia=6,"-38.00719142806125,-57.563677285266195",-38.00719142806125,-57.563677285266195,06357,General Pueyrredón,-38.00719142806125,-57.563677285266195,060357,General Pueyrredón,06,Buenos Aires,,
Universidad de la Fraternidad de Agrupaciones Santo Tomás de Aquino,Avellaneda 3341,http://apis.datos.gob.ar/georef/api/direcciones?direccion=Avellaneda 3341&provincia=6,"-38.00719142806125,-57.563677285266195",-38.00719142806125,-57.563677285266195,06357,General Pueyrredón,-38.00719142806125,-57.563677285266195,060357,General Pueyrredón,06,Buenos Aires,,
Universidad de la Fraternidad de Agrupaciones Santo Tomás de Aquino,Avellaneda 3341,http://apis.datos.gob.ar/georef/api/direcciones?direccion=Avellaneda 3341&provincia=6,"-38.00719142806125,-57.563677285266195",-38.00719142806125,-57.563677285266195,06357,General Pueyrredón,-38.00719142806125,-57.563677285266195,060357,General Pueyrredón,06,Buenos Aires,,
Universidad Nacional José C. Paz,Leandro N. Alem 4731,http://apis.datos.gob.ar/georef/api/direcciones?direccion=Leandro N. Alem 4731&provincia=6,"-34.521483660692496,-58.745796901146605",-34.521483660692496,-58.745796901146605,06412,José C. Paz,-34.521483660692496,-58.745796901146605,060412,José C. Paz,06,Buenos Aires,,
Universidad Nacional de Lanús,29 de septiembre 3901,http://apis.datos.gob.ar/georef/api/direcciones?direccion=29 de septiembre 3901&provincia=6,"-34.7355208,-58.3932694",-34.7355208,-58.3932694,06434,Lanús,-34.7355208,-58.3932694,060434,Lanús,06,Buenos Aires,,
Universidad Nacional de Villa Mercedes,Las Heras 383,http://apis.datos.gob.ar/georef/api/direcciones?direccion=Las Heras 383,"-33.6865689,-65.4698988",-33.6865689,-65.4698988,74035,General Pedernera,-33.6865689,-65.4698988,740077,Villa Mercedes,74,San Luis,"Economicas,Ingenieria,Tecnologia,Sociales,Deporte,Naturales,Salud","Economia,Obstetricia,Ingenieria Agronomica,Comunicacion Social,Computacion, Sistemas e Informatica,Enfermeria,Ciencias del Ambiente y Recursos Naturales,Actividad Fisica y Deportes,Bioingenieria,Logistica y Transportes,Tecnologia e Ingenieria en Alimentos,Kinesiologia"
Universidad Nacional de Quilmes,Roque Sáenz Peña 352,http://apis.datos.gob.ar/georef/api/direcciones?direccion=Roque Sáenz Peña 352&provincia=6,"-34.7064966,-58.2807187",-34.7064966,-58.2807187,06658,Quilmes,-34.7064966,-58.2807187,060658,Quilmes,06,Buenos Aires,"Economicas,Ingenieria,Exactas,Tecnologia,Arte,Sociales,Arquitectura,Naturales,Educacion,Salud","Gestion y Administracion de Empresas,Ciencias de la Educacion,Administracion Hotelera,Contador Publico Nacional,Filosofia,Finanzas y Negocios,Administracion Publica,Formacion Docente para el nivel medio y/o superior universitario y no universitario,Ingenieria Industrial,Economia,Comercio Internacional,Tecnologia y Ciencias Aplicadas,Administracion y Gestion Cultural,Carrera No Definida,Ingenieria Naval,Comunicacion Social,Artes Audiovisuales,Enfermeria,Musica,Historia,Sociologia,Relaciones Laborales,Formacion Docente para el nivel medio y/o superior universitario y no,Terapia Ocupacional,Computacion, Sistemas e Informatica,Formacion Docente de Nivel Superior y Universitario,Laboratorio,Tecnologia e Ingenieria en Alimentos,Ciencia Politica,Quimica,Comercio Exterior,Turismo y Hoteleria,Ciencias del Ambiente y Recursos Naturales,Biologia,Criminologia,Bioingenieria"
Universidad Nacional de San Martín,Ramsay 2250,http://apis.datos.gob.ar/georef/api/direcciones?direccion=Ramsay 2250,"-34.550664100769964,-58.441134539431594",-34.550664100769964,-58.441134539431594,02091,Comuna 13,-34.550664100769964,-58.441134539431594,,,02,Ciudad Autónoma de Buenos Aires,,
Universidad Argentina de la Empresa,Lima 775,http://apis.datos.gob.ar/georef/api/direcciones?direccion=Lima 775,"-34.6173746323554,-58.381525671564",-34.6173746323554,-58.381525671564,02007,Comuna 1,-34.6173746323554,-58.381525671564,,,02,Ciudad Autónoma de Buenos Aires,"Economicas,Psicologia,Ingenieria,Exactas,Tecnologia,Arte,Sociales,Abogado,Arquitectura,Naturales,Derecho,Educacion,Salud","Gestion y Administracion de Empresas,Psicologia,Relaciones Publicas,Administracion de Empresas Agropecuarias,Administracion Hotelera,Ingenieria en Sistemas,Contador Publico Nacional,Diseño Grafico,Organizacion y Produccion Industrial,Finanzas y Negocios,Martillero Publico,Ingenieria Industrial,Periodismo,Economia,Comercio Internacional,Carrera No Definida,Ingenieria en Telecomunicaciones,Comunicacion Social,Electromecanica,Artes Audiovisuales,Ingenieria Electromecanica,Comercializacion y Marketing,Sociologia,Derecho y Ciencias Juridicas,Relaciones Institucionales y Humanas,Marketing y Comercializacion,Relaciones Laborales,Arquitectura y Urbanismo,Teatro y Danza,Formacion Docente para el nivel medio y/o superior universitario y no,Diseño Textil y de Indumentaria,Computacion, Sistemas e Informatica,Tecnologia e Ingenieria en Alimentos,Ciencia Politica,Contabilidad,Ingenieria Quimica,Abogacia,Diseño Industrial,Comercio Exterior,Diseño de Interiores,Publicidad,Turismo y Hoteleria,Biologia,Ciencias del Ambiente y Recursos Naturales,Bioingenieria,Ingenieria Electronica,Ingles,Produccion e Ingenieria Agropecuaria"
Universidad Atlántida Argentina,Belgrano 89,http://apis.datos.gob.ar/georef/api/direcciones?direccion=Belgrano 89&provincia=6,"-37.1552476,-57.7427199",-37.1552476,-57.7427199,06518,Mar Chiquita,-37.1552476,-57.7427199,060518,Mar Chiquita,06,Buenos Aires,,
Universidad Blas Pascal,Rodríguez Peña 1085,http://apis.datos.gob.ar/georef/api/direcciones?direccion=Rodríguez Peña 1085&provincia=2,"-34.59603749231513,-58.39193924933041",-34.59603749231513,-58.39193924933041,02014,Comuna 2,-34.59603749231513,-58.39193924933041,,,02,Ciudad Autónoma de Buenos Aires,"Economicas,Psicologia,Ingenieria,Tecnologia,Arte,Sociales,Abogado,Arquitectura,Naturales,Derecho,Educacion","Gestion y Administracion de Empresas,Higiene y Seguridad Industrial,Relaciones Publicas,Administracion de Empresas Agropecuarias,Ingenieria en Sistemas,Contador Publico Nacional,Diseño Grafico,Finanzas y Negocios,Martillero Publico,Periodismo,Tecnologia y Ciencias Aplicadas,Comercio Internacional,Administracion y Gestion Cultural,Ingenieria en Telecomunicaciones,Educacion Fisica y Deportes,Comunicacion Social,Artes Audiovisuales,Notariado,Comercializacion y Marketing,Relaciones Institucionales y Humanas,Relaciones Laborales,Arquitectura y Urbanismo,Formacion Docente para el nivel medio y/o superior universitario y no,Computacion, Sistemas e Informatica,Educacion de Adultos,Redes y Telecomunicaciones,Contabilidad,Abogacia,Ciencias del Ambiente y Recursos Naturales,Turismo y Hoteleria,Publicidad,Criminologia,Psicopedagogia,Derecho y Ciencias Juridicas,Administracion y Gestion Ambiental"
Universidad Empresarial Siglo 21,De los Latinos 8555,http://apis.datos.gob.ar/georef/api/direcciones?direccion=De los Latinos 8555,"-31.3279965,-64.2286782",-31.3279965,-64.2286782,14014,Capital,-31.3279965,-64.2286782,140077,Córdoba,14,Córdoba,"Economicas,Psicologia,Tecnologia,Arte,Sociales,Abogado,Naturales,Derecho,Educacion","Gestion y Administracion de Empresas,Higiene y Seguridad Industrial,Ciencias de la Educacion,Psicologia,Relaciones Internacionales,Relaciones Publicas,Administracion de Empresas Agropecuarias,Administracion Hotelera,Ingenieria en Sistemas,Contador Publico Nacional,Diseño Grafico,Finanzas y Negocios,Martillero Publico,Ingenieria Industrial,Periodismo,Economia,Comercio Internacional,Comercializacion y Marketing,Sociologia,Derecho y Ciencias Juridicas,Relaciones Institucionales y Humanas,Marketing y Comercializacion,Relaciones Laborales,Computacion, Sistemas e Informatica,Diseño Textil y de Indumentaria,Ciencia Politica,Contabilidad,Abogacia,Diseño Industrial,Ciencias del Ambiente y Recursos Naturales,Comercio Exterior,Publicidad,Turismo y Hoteleria,Criminologia,Ingles,Administracion y Gestion Ambiental"
Universidad Juan Agustín Maza,Lateral Sur del Acceso Este 2245,http://apis.datos.gob.ar/georef/api/direcciones?direccion=Lateral Sur del Acceso Este 2245,"-32.95403678084001,-68.83214028295434",-32.95403678084001,-68.83214028295434,50021,Godoy Cruz,-32.95403678084001,-68.83214028295434,500021,Godoy Cruz,50,Mendoza,,
Universidad Nacional de Lomas de Zamora,Camino de Cintura y Juan XXIII,http://apis.datos.gob.ar/georef/api/direcciones?direccion=Camino de Cintura y Juan XXIII&provincia=6,"-34.7765037,-58.4591023",-34.7765037,-58.4591023,06490,Lomas de Zamora,-34.7765037,-58.4591023,060490,Lomas de Zamora,06,Buenos Aires,"Economicas,Psicologia,Ingenieria,Exactas,Tecnologia,Arte,Sociales,Deporte,Abogado,Arquitectura,Naturales,Derecho,Educacion,Salud","Ingenieria Agronomica,Gestion y Administracion de Empresas,Ciencias de la Educacion,Higiene y Seguridad Industrial,Construcciones,Relaciones Publicas,Ingenieria Civil,Contador Publico Nacional,Organizacion y Produccion Industrial,Martillero Publico,Formacion Docente para el nivel medio y/o superior universitario y no universitario,Ingenieria Industrial,Periodismo,Tecnologia y Ciencias Aplicadas,Comercio Internacional,Salud Publica,Trabajo Social,Comunicacion Social,Enfermeria,Sociologia,Derecho y Ciencias Juridicas,Relaciones Institucionales y Humanas,Relaciones Laborales,Formacion Docente para el nivel medio y/o superior universitario y no,Auxiliares de la Odontologia,Computacion, Sistemas e Informatica,Ingenieria Mecanica,Tecnologia e Ingenieria en Alimentos,Letras,Paisajismo, Jardineria y Floricultura,Fonoaudiologia,Ciencia Politica,Matematica,Produccion Animal,Abogacia,Biologia,Publicidad,Actividad Fisica y Deportes,Criminologia,Psicopedagogia,Contabilidad,Produccion e Ingenieria Agropecuaria"
Universidad Nacional de Villa María,Arturo Jauretche 1555,http://apis.datos.gob.ar/georef/api/direcciones?direccion=Arturo Jauretche 1555&provincia=14,"-32.3995102,-63.2651483",-32.3995102,-63.2651483,14042,General San Martín,-32.3995102,-63.2651483,140357,Villa María,14,Córdoba,,
Universidad de Palermo,Mario Bravo 1050,http://apis.datos.gob.ar/georef/api/direcciones?direccion=Mario Bravo 1050&provincia=2,"-34.5972849453752,-58.41576251085405",-34.5972849453752,-58.41576251085405,02098,Comuna 14,-34.5972849453752,-58.41576251085405,,,02,Ciudad Autónoma de Buenos Aires,"Economicas,Psicologia,Ingenieria,Tecnologia,Arte,Sociales,Abogado,Arquitectura,Derecho,Educacion,Salud","Gestion y Administracion de Empresas,Ciencias de la Educacion,Psicologia,Relaciones Internacionales,Relaciones Publicas,Administracion Hotelera,Ingenieria en Sistemas,Contador Publico Nacional,Diseño Grafico,Organizacion y Produccion Industrial,Finanzas y Negocios,Filosofia,Ingenieria Industrial,Periodismo,Comercio Internacional,Carrera No Definida,Administracion y Gestion Cultural,Ingenieria en Telecomunicaciones,Comunicacion Social,Artes Audiovisuales,Musica,Comercializacion y Marketing,Sociologia,Relaciones Institucionales y Humanas,Marketing y Comercializacion,Arquitectura y Urbanismo,Teatro y Danza,Computacion, Sistemas e Informatica,Diseño Textil y de Indumentaria,Formacion Docente de Nivel Superior y Universitario,Letras,Paisajismo, Jardineria y Floricultura,Artes Plasticas,Ciencia Politica,Contabilidad,Abogacia,Diseño Industrial,Comercio Exterior,Turismo y Hoteleria,Diseño de Interiores,Publicidad,Ingenieria Electronica,Psicopedagogia,Derecho y Ciencias Juridicas"
Universidad Nacional del Oeste,Gral. Manuel Belgrano 369,http://apis.datos.gob.ar/georef/api/direcciones?direccion=Gral. Manuel Belgrano 369&provincia=6,"-34.65254628739099,-58.62119862036371",-34.65254628739099,-58.62119862036371,06568,Morón,-34.65254628739099,-58.62119862036371,060568,Morón,06,Buenos Aires,"Economicas,Exactas,Tecnologia,Educacion,Salud","Gestion y Administracion de Empresas,Ciencias de la Educacion,Educacion Fisica y Deportes,Ingenieria Quimica,Computacion, Sistemas e Informatica,Enfermeria"
Pontificia Universidad Católica Argentina Santa María de los Buenos Aires,AvENIDA Alicia Moreau de Justo 1600,http://apis.datos.gob.ar/georef/api/direcciones?direccion=AvENIDA Alicia Moreau de Justo 1600&provincia=2,"-34.6148453,-58.3668853",-34.6148453,-58.3668853,02007,Comuna 1,-34.6148453,-58.3668853,,,02,Ciudad Autónoma de Buenos Aires,,
Universidad Argentina John F. Kennedy,Bartolomé Mitre 1411,http://apis.datos.gob.ar/georef/api/direcciones?direccion=Bartolomé Mitre 1411&provincia=2,"-34.60762266844467,-58.38645625343852",-34.60762266844467,-58.38645625343852,02007,Comuna 1,-34.60762266844467,-58.38645625343852,,,02,Ciudad Autónoma de Buenos Aires,"Economicas,Psicologia,Exactas,Tecnologia,Arte,Sociales,Abogado,Arquitectura,Derecho,Educacion,Salud","Gestion y Administracion de Empresas,Ciencias de la Educacion,Psicologia,Relaciones Internacionales,Relaciones Publicas,Odontologia,Administracion Hotelera,Contador Publico Nacional,Diseño Grafico,Martillero Publico,Periodismo,Farmacia,Comercializacion y Marketing,Sociologia,Relaciones Laborales,Arquitectura y Urbanismo,Teatro y Danza,Formacion Docente para el nivel medio y/o superior universitario y no,Nutricion,Computacion, Sistemas e Informatica,Formacion Docente de Nivel Superior y Universitario,Ciencia Politica,Medicina,Servicio Social,Quimica,Abogacia,Bioquimica,Comercio Exterior,Turismo y Hoteleria,Publicidad,Psicopedagogia,Derecho y Ciencias Juridicas"
Universidad Autónoma de Entre Ríos,Gral. Justo José de Urquiza 732,http://apis.datos.gob.ar/georef/api/direcciones?direccion=Gral. Justo José de Urquiza 732,"-32.0752125,-61.5334031",-32.0752125,-61.5334031,82126,San Martín,-32.0752125,-61.5334031,824044,Cañada Rosquín,82,Santa Fe,,
Universidad Católica de Santiago del Estero,Rivadavia 578,http://apis.datos.gob.ar/georef/api/direcciones?direccion=Rivadavia 578&provincia=6,"-34.46911816523541,-58.51514668806574",-34.46911816523541,-58.51514668806574,06756,San Isidro,-34.46911816523541,-58.51514668806574,060756,San Isidro,06,Buenos Aires,,
Universidad Nacional de la Patagonia Austral,"Ruta Nacional 3, Z9011 ","http://apis.datos.gob.ar/georef/api/direcciones?direccion=Ruta Nacional 3, Z9011 ","-46.4336028,-67.5229963",-46.4336028,-67.5229963,78014,Deseado,-46.4336028,-67.5229963,,,78,Santa Cruz,"Economicas,Psicologia,Ingenieria,Exactas,Tecnologia,Sociales,Naturales,Educacion,Salud","Gestion y Administracion de Empresas,Higiene y Seguridad Industrial,Ciencias de la Educacion,Psicologia,Administracion de Empresas Agropecuarias,Ingenieria en Sistemas,Enologia y Frutihorticultura,Ingenieria Geodesta Geofisica, Nuclear, Energetica y en Petroleo,Educacion Basica,Formacion Docente para el nivel medio y/o superior universitario y no universitario,Tecnologia y Ciencias Aplicadas,Trabajo Social,Educacion Fisica y Deportes,Comunicacion Social,Artes Audiovisuales,Enfermeria,Ingenieria Electromecanica,Sociologia,Ingenieria en Minas,Formacion Docente para el nivel medio y/o superior universitario y no,Computacion, Sistemas e Informatica,Educacion Inicial,Letras,Ingenieria Quimica,Turismo y Hoteleria,Ciencias del Ambiente y Recursos Naturales,Psicopedagogia,Geografia,Mineria,Administracion y Gestion Ambiental"
Universidad Tecnológica Nacional,Sarmiento 440,http://apis.datos.gob.ar/georef/api/direcciones?direccion=Sarmiento 440&provincia=2,"-34.61847060349939,-58.45044388901235",-34.61847060349939,-58.45044388901235,02042,Comuna 6,-34.61847060349939,-58.45044388901235,,,02,Ciudad Autónoma de Buenos Aires,,
Universidad de Mendoza,Av. Boulogne Sur Mer 683,http://apis.datos.gob.ar/georef/api/direcciones?direccion=Av. Boulogne Sur Mer 683&provincia=50,"-32.8916714,-68.8635323",-32.8916714,-68.8635323,50007,Capital,-32.8916714,-68.8635323,500007,Capital,50,Mendoza,"Economicas,Psicologia,Ingenieria,Tecnologia,Arte,Abogado,Arquitectura,Derecho,Educacion,Salud","Gestion y Administracion de Empresas,Higiene y Seguridad Industrial,Psicologia,Odontologia,Ingenieria en Sistemas,Ingenieria Civil,Diseño Grafico,Contador Publico Nacional,Martillero Publico,Formacion Docente para el nivel medio y/o superior universitario y no universitario,Ingenieria Industrial,Notariado,Arquitectura y Urbanismo,Formacion Docente para el nivel medio y/o superior universitario y no,Nutricion,Diseño Textil y de Indumentaria,Computacion, Sistemas e Informatica,Formacion Docente de Nivel Superior y Universitario,Kinesiologia,Paisajismo, Jardineria y Floricultura,Medicina,Abogacia,Electronica,Diseño de Interiores,Bioingenieria,Ingenieria Electronica,Derecho y Ciencias Juridicas,Instrumentacion Quirurgica,Radiologia y Diagnostico por Imagenes"
Universidad de Morón,Cabildo 134,http://apis.datos.gob.ar/georef/api/direcciones?direccion=Cabildo 134&provincia=6," -34.64724004619001, -58.61977592468715", -34.64724004619001, -58.61977592468715,06568,Morón, -34.64724004619001, -58.61977592468715,060568,Morón,06,Buenos Aires,,
Instituto Universitario Aeronáutico,Av. Fuerza Aerea Argentina 6500,http://apis.datos.gob.ar/georef/api/direcciones?direccion=Av. Fuerza Aerea Argentina 6500&provincia=14,"-31.4337174,-64.2779779",-31.4337174,-64.2779779,14014,Capital,-31.4337174,-64.2779779,140077,Córdoba,14,Córdoba,,
Universidad de la Marina Mercante,Av. Rivadavia 2258,http://apis.datos.gob.ar/georef/api/direcciones?direccion=Av. Rivadavia 2258&provincia=2," -34.60965001204205, -58.398471321349234", -34.60965001204205, -58.398471321349234,02021,Comuna 3, -34.60965001204205, -58.398471321349234,,,02,Ciudad Autónoma de Buenos Aires,"Economicas,Psicologia,Ingenieria,Exactas,Tecnologia,Sociales,Abogado,Naturales,Salud","Gestion y Administracion de Empresas,Higiene y Seguridad Industrial,Psicologia,Relaciones Publicas,Ingenieria en Sistemas,Contador Publico Nacional,Organizacion y Produccion Industrial,Finanzas y Negocios,Ingenieria Industrial,Economia,Ingenieria Naval,Comunicacion Social,Ingenieria Electromecanica,Comercializacion y Marketing,Relaciones Laborales,Computacion, Sistemas e Informatica,Ingenieria Mecanica,Logistica y Transportes,Abogacia,Electronica,Comercio Exterior,Turismo y Hoteleria,Ciencias del Ambiente y Recursos Naturales,Psicopedagogia,Ingenieria Electronica,Contabilidad,Radiologia y Diagnostico por Imagenes"
Universidad Abierta Interamericana,Av. San Juan 951,http://apis.datos.gob.ar/georef/api/direcciones?direccion=Av. San Juan 951&provincia=2," -34.6221199173329, -58.379325181549746", -34.6221199173329, -58.379325181549746,02007,Comuna 1, -34.6221199173329, -58.379325181549746,,,02,Ciudad Autónoma de Buenos Aires,"Economicas,Psicologia,Exactas,Tecnologia,Arte,Sociales,Abogado,Arquitectura,Derecho,Educacion,Salud","Gestion y Administracion de Empresas,Ciencias de la Educacion,Psicologia,Relaciones Internacionales,Relaciones Publicas,Odontologia,Ingenieria en Sistemas,Contador Publico Nacional,Diseño Grafico,Martillero Publico,Formacion Docente para el nivel medio y/o superior universitario y no universitario,Periodismo,Comercio Internacional,Administracion y Gestion Cultural,Educacion Fisica y Deportes,Artes Audiovisuales,Enfermeria,Musica,Comercializacion y Marketing,Arquitectura y Urbanismo,Formacion Docente para el nivel medio y/o superior universitario y no,Nutricion,Terapia Ocupacional,Computacion, Sistemas e Informatica,Formacion Docente de Nivel Superior y Universitario,Educacion Inicial,Educacion Media,Kinesiologia,Ciencia Politica,Matematica,Medicina,Contabilidad,Abogacia,Comercio Exterior,Turismo y Hoteleria,Publicidad,Diseño de Interiores,Psicopedagogia,Derecho y Ciencias Juridicas,Instrumentacion Quirurgica,Radiologia y Diagnostico por Imagenes"
Universidad Nacional de Chilecito,s/d,,"-29.1565622,-67.4730232",-29.1565622,-67.4730232,46042,Chilecito,-29.1565622,-67.4730232,460042,Chilecito,46,La Rioja,"Economicas,Tecnologia,Sociales,Abogado,Naturales,Educacion,Salud","Economia,Ingenieria Agronomica,Formacion Docente para el nivel medio y/o superior universitario y no,Ciencias de la Educacion,Administracion y Gestion Cultural,Comunicacion Social,Computacion, Sistemas e Informatica,Abogacia,Enfermeria,Educacion Inicial,Turismo y Hoteleria,Biologia,Ingenieria en Sistemas,Enologia y Frutihorticultura,Administracion Publica,Formacion Docente para el nivel medio y/o superior universitario y no universitario,Tecnologia e Ingenieria en Alimentos"
Universidad Nacional de Entre Ríos,Eva Perón 24,http://apis.datos.gob.ar/georef/api/direcciones?direccion=Eva Perón 24,"-31.624005177104273,-58.50507853279984",-31.624005177104273,-58.50507853279984,30088,San Salvador,-31.624005177104273,-58.50507853279984,,,30,Entre Ríos,,
Universidad Nacional de Formosa,Av. formosa 3200,http://apis.datos.gob.ar/georef/api/direcciones?direccion=Av. formosa 3200,"-26.1921994,-58.2024444",-26.1921994,-58.2024444,34014,Formosa,-26.1921994,-58.2024444,340028,Formosa,34,Formosa,"Economicas,Psicologia,Ingenieria,Exactas,Tecnologia,Sociales,Abogado,Naturales,Derecho,Educacion,Salud","Gestion y Administracion de Empresas,Administracion de Empresas Agropecuarias,Ingenieria Civil,Contador Publico Nacional,Martillero Publico,Formacion Docente para el nivel medio y/o superior universitario y no universitario,Educacion Especial,Tecnologia y Ciencias Aplicadas,Comercio Internacional,Obstetricia,Bromatologia,Educacion Fisica y Deportes,Enfermeria,Historia,Formacion Docente para el nivel medio y/o superior universitario y no,Ingenieria Forestal e Industrias de la Madera,Nutricion,Computacion, Sistemas e Informatica,Auxiliares de la Odontologia,Formacion Docente de Nivel Superior y Universitario,Laboratorio,Tecnologia e Ingenieria en Alimentos,Letras,Matematica,Contabilidad,Produccion Animal,Comercio Exterior,Ciencias del Ambiente y Recursos Naturales,Turismo y Hoteleria,Psicopedagogia,Derecho y Ciencias Juridicas,Geografia,Produccion e Ingenieria Agropecuaria"
Universidad Nacional de Río Negro,Don Bosco 500,http://apis.datos.gob.ar/georef/api/direcciones?direccion=Don Bosco 500,"  -39.0279881065646, -67.58044691129079",  -39.0279881065646, -67.58044691129079,62042,General Roca,  -39.0279881065646, -67.58044691129079,620161,Gral. Roca,62,Río Negro,,
Universidad Nacional del Noroeste de la Provincia de Buenos Aires,Roque Saenz Peña 456,http://apis.datos.gob.ar/georef/api/direcciones?direccion=Roque Saenz Peña 456&provincia=6," -34.861684718919854, -61.52755638690734", -34.861684718919854, -61.52755638690734,06469,Lincoln, -34.861684718919854, -61.52755638690734,060469,Lincoln,06,Buenos Aires,"Economicas,Ingenieria,Exactas,Tecnologia,Arte,Sociales,Educacion,Abogado,Naturales,Derecho,Letras,Salud","Ingenieria Vial,Ingenieria Agronomica,Gestion y Administracion de Empresas,Ciencias de la Educacion,Ingenieria en Sistemas,Contador Publico Nacional,Diseño Grafico,Organizacion y Produccion Industrial,Martillero Publico,Ingenieria Industrial,Educacion Fisica y Deportes,Enfermeria,Historia,Genetica,Computacion, Sistemas e Informatica,Diseño Textil y de Indumentaria,Radiologia y Diagnostico por Imagenes,Ingenieria Mecanica,Tecnologia e Ingenieria en Alimentos,Letras,Matematica,Abogacia,Diseño Industrial,Produccion e Ingenieria Agropecuaria"
Universidad Nacional de General Sarmiento,Juan María Gutiérrez 1150,http://apis.datos.gob.ar/georef/api/direcciones?direccion=Juan María Gutiérrez 1150&provincia=6," -34.492332720554565, -58.664685936227905", -34.492332720554565, -58.664685936227905,06515,Malvinas Argentinas, -34.492332720554565, -58.664685936227905,060515,Malvinas Argentinas,06,Buenos Aires,"Economicas,Psicologia,Ingenieria,Exactas,Tecnologia,Sociales,Deporte,Otros,Arquitectura,Naturales,Educacion,Salud","Gestion y Administracion de Empresas,Ciencias de la Educacion,Filosofia,Organizacion y Produccion Industrial,Administracion Publica,Formacion Docente para el nivel medio y/o superior universitario y no universitario,Ingenieria Industrial,Tecnologia y Ciencias Aplicadas,Economia,Administracion y Gestion Cultural,Comunicacion Social,Artes Audiovisuales,Ingenieria Electromecanica,Historia,Sociologia,Fisica,Arquitectura y Urbanismo,Formacion Docente para el nivel medio y/o superior universitario y no,Computacion, Sistemas e Informatica,Letras,Antropologia,Ciencia Politica,Matematica,Ingenieria Quimica,Quimica,Ciencias del Ambiente y Recursos Naturales,Geografia"
"Universidad Nacional de Tierra del Fuego, Antártida e Islas del Atlántico Sur",Fuegia Basket 251,http://apis.datos.gob.ar/georef/api/direcciones?direccion=Fuegia Basket 251&provincia=94," -54.81888630058655, -68.32552591092275", -54.81888630058655, -68.32552591092275,94015,Ushuaia, -54.81888630058655, -68.32552591092275,940014,Ushuaia,94,"Tierra del Fuego, Antártida e Islas del Atlántico Sur",,
Universidad Católica de La Plata,Av. 13 1227,http://apis.datos.gob.ar/georef/api/direcciones?direccion=Av. 13 1227&provincia=6," -34.924457391060656, -57.950327388915824", -34.924457391060656, -57.950327388915824,06441,La Plata, -34.924457391060656, -57.950327388915824,060441,La Plata,06,Buenos Aires,,
Universidad Adventista del Plata,25 de mayo 99,http://apis.datos.gob.ar/georef/api/direcciones?direccion=25 de mayo 99,"-32.0759594,-60.4665987",-32.0759594,-60.4665987,30021,Diamante,-32.0759594,-60.4665987,,,30,Entre Ríos,"Economicas,Religion,Psicologia,Tecnologia,Sociales,Educacion,Salud","Gestion y Administracion de Empresas,Ciencias de la Educacion,Psicologia,Odontologia,Contador Publico Nacional,Educacion Basica,Formacion Docente para el nivel medio y/o superior universitario y no universitario,Trabajo Social,Educacion Fisica y Deportes,Comunicacion Social,Enfermeria,Formacion Docente para el nivel medio y/o superior universitario y no,Nutricion,Computacion, Sistemas e Informatica,Formacion Docente de Nivel Superior y Universitario,Educacion Inicial,Teologia,Kinesiologia,Medicina,Servicio Social,Psicopedagogia,Ingles"
Universidad Católica de Santa Fe,Echagüe 7151,http://apis.datos.gob.ar/georef/api/direcciones?direccion=Echagüe 7151&provincia=82," -31.607095036472234, -60.67088878632154", -31.607095036472234, -60.67088878632154,82063,La Capital, -31.607095036472234, -60.67088878632154,820147,Santa Fe,82,Santa Fe,,
Universidad Gastón Dachary,"Salta 1912, posadas","http://apis.datos.gob.ar/georef/api/direcciones?direccion=Salta 1912, posadas","-27.3706143,-55.9352656",-27.3706143,-55.9352656,54028,Capital,-27.3706143,-55.9352656,540119,Posadas,54,Misiones,,
Universidad Nacional de Catamarca,Esquiú 799,http://apis.datos.gob.ar/georef/api/direcciones?direccion=Esquiú 799,"-28.459001,-65.7854021",-28.459001,-65.7854021,10049,Capital,-28.459001,-65.7854021,100140,San Fernando del Valle de Catamarca,10,Catamarca,"Economicas,Psicologia,Ingenieria,Exactas,Tecnologia,Arte,Sociales,Abogado,Naturales,Educacion,Salud","Ingenieria Agronomica,Gestion y Administracion de Empresas,Ciencias de la Educacion,Tecnologia e Ingenieria Minera,Ingenieria en Sistemas,Contador Publico Nacional,Filosofia,Administracion Publica,Frances,Formacion Docente para el nivel medio y/o superior universitario y no universitario,Tecnologia y Ciencias Aplicadas,Obstetricia,Administracion y Gestion Cultural,Ingles,Salud Publica,Bromatologia,Educacion Fisica y Deportes,Trabajo Social,Comunicacion Social,Enfermeria,Historia,Sociologia,Fisica,Meteorologia,Ingenieria en Minas,Agrimensura,Formacion Docente para el nivel medio y/o superior universitario y no,Nutricion,Computacion, Sistemas e Informatica,Formacion Docente de Nivel Superior y Universitario,Educacion Inicial,Laboratorio,Estadistica,Educacion Media,Ingenieria en Agrimensura,Letras,Paisajismo, Jardineria y Floricultura,Antropologia,Matematica,Quimica,Abogacia,Ciencias del Ambiente y Recursos Naturales,Biologia,Turismo y Hoteleria,Criminologia,Psicopedagogia,Ingenieria Electronica,Contabilidad,Geografia,Geologia,Arqueologia,Produccion e Ingenieria Agropecuaria,Administracion y Gestion Ambiental"
Universidad Nacional de Misiones,Fernando Elias LLamosas 9400,http://apis.datos.gob.ar/georef/api/direcciones?direccion=Fernando Elias LLamosas 9400,"-27.3996326,-55.9256125",-27.3996326,-55.9256125,54028,Capital,-27.3996326,-55.9256125,540119,Posadas,54,Misiones,"Economicas,Ingenieria,Exactas,Tecnologia,Arte,Sociales,Abogado,Naturales,Derecho,Educacion,Salud","Gestion y Administracion de Empresas,Higiene y Seguridad Industrial,Ciencias de la Educacion,Ingenieria en Construcciones,Secretariado,Ingenieria Agronomica,Ingenieria Civil,Sanidad y Saneamiento Ambiental,Diseño Grafico,Contador Publico Nacional,Organizacion y Produccion Industrial,Finanzas y Negocios,Administracion Publica,Guardaparque,Educacion Especial,Ingenieria Industrial,Formacion Docente para el nivel medio y/o superior universitario y no universitario,Economia,Salud Publica,Bromatologia,Trabajo Social,Comunicacion Social,Artes Audiovisuales,Farmacia,Enfermeria,Ingenieria Electromecanica,Musica,Ingenieria Electrica,Historia,Genetica,Ingenieria Basica,Formacion Docente para el nivel medio y/o superior universitario y no,Ingenieria Forestal e Industrias de la Madera,Computacion, Sistemas e Informatica,Formacion Docente de Nivel Superior y Universitario,Ingenieria Mecanica,Bibliotecologia y Documentacion,Tecnologia e Ingenieria en Alimentos,Letras,Antropologia,Artes Plasticas,Ciencia Politica,Contabilidad,Ingenieria Quimica,Quimica,Diseño Industrial,Bioquimica,Turismo y Hoteleria,Electronica,Ingenieria Electronica,Derecho y Ciencias Juridicas,Produccion e Ingenieria Agropecuaria,Administracion y Gestion Ambiental"
Universidad de Belgrano,Zabala 1837,http://apis.datos.gob.ar/georef/api/direcciones?direccion=Zabala 1837&provincia=2,"-34.564446626972675,-58.44400348234273",-34.564446626972675,-58.44400348234273,02091,Comuna 13,-34.564446626972675,-58.44400348234273,,,02,Ciudad Autónoma de Buenos Aires,"Economicas,Psicologia,Ingenieria,Exactas,Tecnologia,Arte,Sociales,Letras,Abogado,Arquitectura,Naturales,Educacion,Salud","Ingenieria Vial,Gestion y Administracion de Empresas,Psicologia,Relaciones Internacionales,Relaciones Publicas,Administracion de Empresas Agropecuarias,Administracion Hotelera,Ingenieria Civil,Ingenieria en Sistemas,Diseño Grafico,Contador Publico Nacional,Finanzas y Negocios,Ingenieria Geodesta Geofisica, Nuclear, Energetica y en Petroleo,Ingenieria Industrial,Periodismo,Economia,Comercio Internacional,Carrera No Definida,Ingles,Ingenieria en Telecomunicaciones,Comunicacion Social,Artes Audiovisuales,Farmacia,Ingenieria Electromecanica,Musica,Comercializacion y Marketing,Sociologia,Derecho y Ciencias Juridicas,Relaciones Institucionales y Humanas,Relaciones Laborales,Arquitectura y Urbanismo,Nutricion,Diseño Textil y de Indumentaria,Computacion, Sistemas e Informatica,Laboratorio,Logistica y Transportes,Tecnologia e Ingenieria en Alimentos,Letras,Ciencia Politica,Quimica,Abogacia,Comercio Exterior,Turismo y Hoteleria,Publicidad,Biologia,Diseño de Interiores,Psicopedagogia,Ingenieria Electronica,Contabilidad,Produccion e Ingenieria Agropecuaria"
Universidad de la Cuenca del Plata,Donovan 521,http://apis.datos.gob.ar/georef/api/direcciones?direccion=Donovan 521,"-27.3750927,-55.9028806",-27.3750927,-55.9028806,54028,Capital,-27.3750927,-55.9028806,540119,Posadas,54,Misiones,"Economicas,Psicologia,Tecnologia,Arte,Sociales,Abogado,Naturales,Derecho,Educacion,Salud","Gestion y Administracion de Empresas,Ciencias de la Educacion,Psicologia,Secretariado,Ingenieria en Sistemas,Contador Publico Nacional,Diseño Grafico,Finanzas y Negocios,Educacion Basica,Ingenieria Industrial,Periodismo,Tecnologia y Ciencias Aplicadas,Comercio Internacional,Ingenieria en Telecomunicaciones,Educacion Fisica y Deportes,Enfermeria,Historia,Comercializacion y Marketing,Sociologia,Nutricion,Computacion, Sistemas e Informatica,Tecnologia e Ingenieria en Alimentos,Abogacia,Comercio Exterior,Publicidad,Psicopedagogia,Derecho y Ciencias Juridicas,Geografia"
Universidad del Congreso,Maipú 942,http://apis.datos.gob.ar/georef/api/direcciones?direccion=Maipú 942&provincia=2,"-34.597041549129365,-58.37693167637579",-34.597041549129365,-58.37693167637579,02007,Comuna 1,-34.597041549129365,-58.37693167637579,,,02,Ciudad Autónoma de Buenos Aires,"Economicas,Psicologia,Tecnologia,Sociales,Abogado,Arquitectura,Naturales,Educacion","Economia,Arquitectura y Urbanismo,Gestion y Administracion de Empresas,Ciencias de la Educacion,Psicologia,Relaciones Internacionales,Computacion, Sistemas e Informatica,Comunicacion Social,Abogacia,Comercio Exterior,Ciencias del Ambiente y Recursos Naturales,Comercializacion y Marketing,Turismo y Hoteleria,Contador Publico Nacional"
Universidad del Salvador,Av. Córdoba 1601,http://apis.datos.gob.ar/georef/api/direcciones?direccion=Av. Córdoba 1601&provincia=2,"-34.5994421892955,-58.3896679387133",-34.5994421892955,-58.3896679387133,02014,Comuna 2,-34.5994421892955,-58.3896679387133,,,02,Ciudad Autónoma de Buenos Aires,"Economicas,Psicologia,Ingenieria,Tecnologia,Arte,Sociales,Deporte,Otros,Abogado,Arquitectura,Naturales,Derecho,Educacion,Salud","Gestion y Administracion de Empresas,Ingenieria Agronomica,Ciencias de la Educacion,Psicologia,Relaciones Internacionales,Higiene y Seguridad Industrial,Relaciones Publicas,Accidentologia,Odontologia,Ingenieria en Sistemas,Contador Publico Nacional,Diseño Grafico,Filosofia,Finanzas y Negocios,Martillero Publico,Educacion Basica,Educacion Especial,Ingenieria Industrial,Periodismo,Economia,Comercio Internacional,Carrera No Definida,Administracion y Gestion Cultural,Trabajo Social,Educacion Fisica y Deportes,Artes Audiovisuales,Notariado,Enfermeria,Musica,Historia,Comercializacion y Marketing,Sociologia,Derecho y Ciencias Juridicas,Marketing y Comercializacion,Relaciones Laborales,Arquitectura y Urbanismo,Teatro y Danza,Ingenieria Forestal e Industrias de la Madera,Nutricion,Terapia Ocupacional,Computacion, Sistemas e Informatica,Educacion Inicial,Tecnologia e Ingenieria en Alimentos,Letras,Fonoaudiologia,Actuario,Veterinaria,Artes Plasticas,Ciencia Politica,Medicina,Produccion Animal,Servicio Social,Contabilidad,Abogacia,Comercio Exterior,Turismo y Hoteleria,Publicidad,Ciencias del Ambiente y Recursos Naturales,Dermatologia y Podologia,Actividad Fisica y Deportes,Psicopedagogia,Ingles,Geografia,Radiologia y Diagnostico por Imagenes"
Universidad Católica de Cuyo,Av. José Ignacio de la Roza 1516,http://apis.datos.gob.ar/georef/api/direcciones?direccion=Av. José Ignacio de la Roza 1516,"-31.5403667,-68.5882198",-31.5403667,-68.5882198,70084,Rivadavia,-31.5403667,-68.5882198,700084,Rivadavia,70,San Juan,,
Universidad Favaloro,Av. Entre Ríos 495,http://apis.datos.gob.ar/georef/api/direcciones?direccion=Av. Entre Ríos 495&provincia=2," -34.614872720152945, -58.39167679293044", -34.614872720152945, -58.39167679293044,02021,Comuna 3, -34.614872720152945, -58.39167679293044,,,02,Ciudad Autónoma de Buenos Aires,,
Universidad Católica de Córdoba,Obispo Trejo 323,http://apis.datos.gob.ar/georef/api/direcciones?direccion=Obispo Trejo 323&provincia=14,"-31.4527657,-64.2513093",-31.4527657,-64.2513093,14014,Capital,-31.4527657,-64.2513093,140077,Córdoba,14,Córdoba,,
Universidad Nacional de Tres de Febrero,Av. Gral. Mosconi 2736,http://apis.datos.gob.ar/georef/api/direcciones?direccion=Av. Gral. Mosconi 2736&provincia=6,"-34.6050318,-58.5665275",-34.6050318,-58.5665275,06840,Tres de Febrero,-34.6050318,-58.5665275,060840,Tres de Febrero,06,Buenos Aires,"Economicas,Psicologia,Ingenieria,Exactas,Tecnologia,Arte,Sociales,Deporte,Abogado,Naturales,Derecho,Educacion,Salud","Gestion y Administracion de Empresas,Higiene y Seguridad Industrial,Ciencias de la Educacion,Relaciones Internacionales,Accidentologia,Administracion de Empresas Agropecuarias,Ingenieria en Sistemas,Sanidad y Saneamiento Ambiental,Filosofia,Administracion Hospitalaria y de Sistemas de Salud,Finanzas y Negocios,Ingenieria Geodesta Geofisica, Nuclear, Energetica y en Petroleo,Administracion Publica,Martillero Publico,Educacion Especial,Ingenieria Ambiental,Periodismo,Formacion Docente para el nivel medio y/o superior universitario y no universitario,Economia,Comercio Internacional,Tecnologia y Ciencias Aplicadas,Administracion y Gestion Cultural,Educacion Fisica y Deportes,Comunicacion Social,Artes Audiovisuales,Enfermeria,Musica,Historia,Sociologia,Relaciones Laborales,Teatro y Danza,Formacion Docente para el nivel medio y/o superior universitario y no,Terapia Ocupacional,Computacion, Sistemas e Informatica,Formacion Docente de Nivel Superior y Universitario,Educacion Inicial,Estadistica,Logistica y Transportes,Letras,Antropologia,Geriatria y Gerontologia,Artes Plasticas,Ciencia Politica,Medicina,Contabilidad,Abogacia,Comercio Exterior,Ciencias del Ambiente y Recursos Naturales,Psicopedagogia,Derecho y Ciencias Juridicas,Geografia,Administracion y Gestion Ambiental"
Universidad Nacional de Mar del Plata,"Deán Funes 3350,","http://apis.datos.gob.ar/georef/api/direcciones?direccion=Deán Funes 3350,&provincia=6","-38.0057920156254,-57.5715790666085",-38.0057920156254,-57.5715790666085,06357,General Pueyrredón,-38.0057920156254,-57.5715790666085,060357,General Pueyrredón,06,Buenos Aires,"Economicas,Psicologia,Ingenieria,Exactas,Tecnologia,Arte,Sociales,Abogado,Arquitectura,Naturales,Derecho,Educacion,Salud","Higiene y Seguridad Industrial,Ingenieria Agronomica,Ciencias de la Educacion,Gestion y Administracion de Empresas,Psicologia,Ingenieria en Construcciones,Administracion de Empresas Agropecuarias,Ingenieria en Sistemas,Contador Publico Nacional,Filosofia,Administracion Hospitalaria y de Sistemas de Salud,Finanzas y Negocios,Martillero Publico,Administracion Publica,Educacion Basica,Formacion Docente para el nivel medio y/o superior universitario y no universitario,Ingenieria Industrial,Economia,Tecnologia y Ciencias Aplicadas,Administracion y Gestion Cultural,Trabajo Social,Ingenieria Electrica,Enfermeria,Ingenieria Electromecanica,Historia,Sociologia,Fisica,Derecho y Ciencias Juridicas,Produccion e Ingenieria Pesquera,Relaciones Laborales,Arquitectura y Urbanismo,Ingenieria en Materiales,Formacion Docente para el nivel medio y/o superior universitario y no,Terapia Ocupacional,Formacion Docente de Nivel Superior y Universitario,Ingenieria Mecanica,Bibliotecologia y Documentacion,Tecnologia e Ingenieria en Alimentos,Letras,Geriatria y Gerontologia,Veterinaria,Ciencia Politica,Matematica,Produccion Animal,Servicio Social,Quimica,Abogacia,Ingenieria Quimica,Diseño Industrial,Bioquimica,Turismo y Hoteleria,Biologia,Ciencias del Ambiente y Recursos Naturales,Ingenieria Electronica,Contabilidad,Geografia,Produccion e Ingenieria Agropecuaria,Administracion y Gestion Ambiental"
Universidad Austral,Mariano Acosta 1611,http://apis.datos.gob.ar/georef/api/direcciones?direccion=Mariano Acosta 1611&provincia=6," -34.47094214462022, -58.847032888622834", -34.47094214462022, -58.847032888622834,06638,Pilar, -34.47094214462022, -58.847032888622834,060638,Pilar,06,Buenos Aires,"Economicas,Psicologia,Ingenieria,Tecnologia,Sociales,Abogado,Naturales,Derecho,Educacion,Salud","Gestion y Administracion de Empresas,Ciencias de la Educacion,Psicologia,Relaciones Internacionales,Administracion de Empresas Agropecuarias,Ingenieria en Sistemas,Administracion Hospitalaria y de Sistemas de Salud,Contador Publico Nacional,Ingenieria Industrial,Tecnologia y Ciencias Aplicadas,Trabajo Social,Comunicacion Social,Enfermeria,Ingenieria Basica,Formacion Docente de Nivel Superior y Universitario,Estadistica,Ciencia Politica,Medicina,Servicio Social,Abogacia,Bioquimica,Derecho y Ciencias Juridicas"
Universidad Nacional del Litoral,San Jerónimo 3231,http://apis.datos.gob.ar/georef/api/direcciones?direccion=San Jerónimo 3231&provincia=82," -31.638260020689607, -60.70559340518095", -31.638260020689607, -60.70559340518095,82063,La Capital, -31.638260020689607, -60.70559340518095,820147,Santa Fe,82,Santa Fe,"Economicas,Ingenieria,Exactas,Tecnologia,Arte,Sociales,Abogado,Arquitectura,Naturales,Derecho,Educacion,Salud","Gestion y Administracion de Empresas,Higiene y Seguridad Industrial,Ingenieria Agronomica,Administracion de Empresas Agropecuarias,Ingenieria en Sistemas,Administracion Hotelera,Ingenieria Civil,Administracion Hospitalaria y de Sistemas de Salud,Martillero Publico,Enfermeria,Musica,Historia,Comercializacion y Marketing,Sociologia,Relaciones Institucionales y Humanas,Teatro y Danza,Terapia Ocupacional,Formacion Docente de Nivel Superior y Universitario,Diseño Industrial,Ciencias de la Educacion,Diseño Grafico,Organizacion y Produccion Industrial,Ingenieria Geodesta Geofisica, Nuclear, Energetica y en Petroleo,Artes Audiovisuales,Computacion, Sistemas e Informatica,Letras,Paisajismo, Jardineria y Floricultura,Ciencia Politica,Produccion Animal,Ingenieria Quimica,Abogacia,Criminologia,Diseño de Interiores,Sanidad y Saneamiento Ambiental,Quirofano,Administracion Publica,Formacion Docente para el nivel medio y/o superior universitario y no universitario,Economia,Obstetricia,Educacion Fisica y Deportes,Nutricion,Educacion Inicial,Bibliotecologia y Documentacion,Tecnologia e Ingenieria en Alimentos,Veterinaria,Matematica,Medicina,Quimica,Turismo y Hoteleria,Dermatologia y Podologia,Ciencias del Ambiente y Recursos Naturales,Ingles,Derecho y Ciencias Juridicas,Radiologia y Diagnostico por Imagenes,Geofisica,Produccion e Ingenieria Agropecuaria,Administracion y Gestion Ambiental,Contador Publico Nacional,Filosofia,Ingenieria Industrial,Periodismo,Ingenieria Ambiental,Comercio Internacional,Carrera No Definida,Administracion y Gestion Cultural,Trabajo Social,Fisica,Arquitectura y Urbanismo,Ingenieria en Materiales,Formacion Docente para el nivel medio y/o superior universitario y no,Estadistica,Ingenieria en Agrimensura,Ingenieria Hidraulica,Topografia y Cartografia,Bioquimica,Biologia,Bioingenieria,Contabilidad,Geografia"
Universidad del CEMA,Av. Córdoba 374,http://apis.datos.gob.ar/georef/api/direcciones?direccion=Av. Córdoba 374&provincia=2,"-34.598493489787174,-58.37246198342438",-34.598493489787174,-58.37246198342438,02007,Comuna 1,-34.598493489787174,-58.37246198342438,,,02,Ciudad Autónoma de Buenos Aires,"Economicas,Exactas,Tecnologia,Sociales,Naturales","Economia,Gestion y Administracion de Empresas,Carrera No Definida,Ciencia Politica,Relaciones Internacionales,Computacion, Sistemas e Informatica,Administracion de Empresas Agropecuarias,Ingenieria en Sistemas,Comercializacion y Marketing,Contador Publico Nacional,Finanzas y Negocios"
Universidad del Norte Santo Tomás de Aquino,9 de Julio 165,http://apis.datos.gob.ar/georef/api/direcciones?direccion=9 de Julio 165,"-26.832849,-65.2075185",-26.832849,-65.2075185,90084,Capital,-26.832849,-65.2075185,900014,Municipalidad de San Miguel De Tucuman,90,Tucumán,,
Instituto Tecnológico de Buenos Aires,Av. Eduardo Madero 399,http://apis.datos.gob.ar/georef/api/direcciones?direccion=Av. Eduardo Madero 399&provincia=2,"-34.6028340446427,-58.368183272295",-34.6028340446427,-58.368183272295,02007,Comuna 1,-34.6028340446427,-58.368183272295,,,02,Ciudad Autónoma de Buenos Aires,,
"Instituto Universitario del Ejército ""Mayor Francisco Romero""",Av. Cabildo 65,http://apis.datos.gob.ar/georef/api/direcciones?direccion=Av. Cabildo 65&provincia=2,"-34.57439170160686,-58.43650022052455",-34.57439170160686,-58.43650022052455,02098,Comuna 14,-34.57439170160686,-58.43650022052455,,,02,Ciudad Autónoma de Buenos Aires,,
Universidad Nacional de Avellaneda,12 de Octubre 463,http://apis.datos.gob.ar/georef/api/direcciones?direccion=12 de Octubre 463&provincia=6,"-34.72925803087015,-58.263119285544974",-34.72925803087015,-58.263119285544974,06658,Quilmes,-34.72925803087015,-58.263119285544974,060658,Quilmes,06,Buenos Aires,"Economicas,Ingenieria,Exactas,Tecnologia,Arte,Sociales,Deporte,Abogado,Arquitectura,Naturales,Educacion,Salud","Gestion y Administracion de Empresas,Higiene y Seguridad Industrial,Ciencias de la Educacion,Odontologia,Ingenieria en Sistemas,Periodismo,Economia,Carrera No Definida,Administracion y Gestion Cultural,Educacion Fisica y Deportes,Artes Audiovisuales,Enfermeria,Musica,Historia,Arquitectura y Urbanismo,Ingenieria en Materiales,Bibliotecologia y Documentacion,Artes Plasticas,Ciencia Politica,Servicio Social,Abogacia,Diseño Industrial,Ciencias del Ambiente y Recursos Naturales,Turismo y Hoteleria,Actividad Fisica y Deportes"
Universidad de Ciencias Empresariales y Sociales,Paraguay 1401,http://apis.datos.gob.ar/georef/api/direcciones?direccion=Paraguay 1401&provincia=2,"-34.5982797695651,-58.3869599869626",-34.5982797695651,-58.3869599869626,02014,Comuna 2,-34.5982797695651,-58.3869599869626,,,02,Ciudad Autónoma de Buenos Aires,"Economicas,Psicologia,Tecnologia,Arte,Sociales,Abogado,Naturales,Educacion,Salud","Gestion y Administracion de Empresas,Ciencias de la Educacion,Psicologia,Relaciones Publicas,Odontologia,Ingenieria en Sistemas,Contador Publico Nacional,Administracion Hospitalaria y de Sistemas de Salud,Diseño Grafico,Filosofia,Finanzas y Negocios,Periodismo,Economia,Comercio Internacional,Carrera No Definida,Salud Publica,Comunicacion Social,Artes Audiovisuales,Enfermeria,Comercializacion y Marketing,Sociologia,Relaciones Institucionales y Humanas,Marketing y Comercializacion,Relaciones Laborales,Nutricion,Formacion Docente de Nivel Superior y Universitario,Educacion Inicial,Bibliotecologia y Documentacion,Kinesiologia,Ciencia Politica,Medicina,Contabilidad,Abogacia,Ciencias del Ambiente y Recursos Naturales,Comercio Exterior,Turismo y Hoteleria,Publicidad,Criminologia,Derecho y Ciencias Juridicas,Administracion y Gestion Ambiental"
Universidad Maimónides,Hidalgo 775,http://apis.datos.gob.ar/georef/api/direcciones?direccion=Hidalgo 775&provincia=2,"-34.61053895477871,-58.44103541301811",-34.61053895477871,-58.44103541301811,02042,Comuna 6,-34.61053895477871,-58.44103541301811,,,02,Ciudad Autónoma de Buenos Aires,,
Universidad del Centro Educativo Latinoamericano,Av. Pellegrini 1332,http://apis.datos.gob.ar/georef/api/direcciones?direccion=Av. Pellegrini 1332&provincia=82,"-32.9565784932488,-60.6441042488731",-32.9565784932488,-60.6441042488731,82084,Rosario,-32.9565784932488,-60.6441042488731,,,82,Santa Fe,"Economicas,Ingenieria,Tecnologia,Abogado,Naturales,Derecho,Educacion,Salud","Economia,Gestion y Administracion de Empresas,Carrera No Definida,Ciencias de la Educacion,Nutricion,Contabilidad,Abogacia,Formacion Docente de Nivel Superior y Universitario,Administracion Hotelera,Ingenieria en Sistemas,Comercializacion y Marketing,Contador Publico Nacional,Ingles,Martillero Publico,Tecnologia e Ingenieria en Alimentos,Relaciones Laborales,Administracion y Gestion Ambiental"
Universidad Nacional del Chaco Austral,Fernández 755,http://apis.datos.gob.ar/georef/api/direcciones?direccion=Fernández 755,"-26.8017124,-60.4491146",-26.8017124,-60.4491146,22021,Comandante Fernández,-26.8017124,-60.4491146,220077,Presidencia Roque Sáenz Peña,22,Chaco,"Economicas,Ingenieria,Exactas,Tecnologia,Sociales,Abogado,Naturales,Educacion,Salud","Gestion y Administracion de Empresas,Ciencias de la Educacion,Ingenieria en Sistemas,Contador Publico Nacional,Formacion Docente para el nivel medio y/o superior universitario y no universitario,Ingenieria Industrial,Carrera No Definida,Farmacia,Derecho y Ciencias Juridicas,Formacion Docente para el nivel medio y/o superior universitario y no,Nutricion,optica,Tecnologia e Ingenieria en Alimentos,Matematica,Medicina,Produccion Animal,Ingenieria Quimica,Quimica,Abogacia,Bioingenieria,Contabilidad,Produccion e Ingenieria Agropecuaria"
Universidad Nacional de La Pampa,Uruguay 151,http://apis.datos.gob.ar/georef/api/direcciones?direccion=Uruguay 151,"-36.1446255,-64.5963517",-36.1446255,-64.5963517,42035,Conhelo,-36.1446255,-64.5963517,420098,Conhelo,42,La Pampa,"Economicas,Ingenieria,Exactas,Tecnologia,Sociales,Abogado,Naturales,Derecho,Educacion,Salud","Ingenieria Agronomica,Gestion y Administracion de Empresas,Ciencias de la Educacion,Administracion de Empresas Agropecuarias,Ingenieria en Sistemas,Sanidad y Saneamiento Ambiental,Contador Publico Nacional,Ingenieria Geodesta Geofisica, Nuclear, Energetica y en Petroleo,Educacion Basica,Formacion Docente para el nivel medio y/o superior universitario y no universitario,Ingenieria Industrial,Periodismo,Carrera No Definida,Ingles,Trabajo Social,Educacion Fisica y Deportes,Bromatologia,Comunicacion Social,Notariado,Enfermeria,Ingenieria Electromecanica,Historia,Sociologia,Fisica,Formacion Docente para el nivel medio y/o superior universitario y no,Computacion, Sistemas e Informatica,Formacion Docente de Nivel Superior y Universitario,Educacion Inicial,Letras,Ingenieria Hidraulica,Veterinaria,Ciencia Politica,Matematica,Contabilidad,Produccion Animal,Quimica,Abogacia,Ciencias del Ambiente y Recursos Naturales,Biologia,Psicopedagogia,Derecho y Ciencias Juridicas,Geografia,Geologia,Produccion e Ingenieria Agropecuaria"
Universidad Nacional de Salta,Av Bolivia 5150,http://apis.datos.gob.ar/georef/api/direcciones?direccion=Av Bolivia 5150&provincia=66,"-24.7280281,-65.4114867",-24.7280281,-65.4114867,66028,Capital,-24.7280281,-65.4114867,660063,Salta,66,Salta,"Economicas,Psicologia,Ingenieria,Exactas,Tecnologia,Arte,Sociales,Letras,Abogado,Naturales,Derecho,Educacion,Salud","Gestion y Administracion de Empresas,Ingenieria Agronomica,Ciencias de la Educacion,Higiene y Seguridad Industrial,Secretariado,Ingenieria en Construcciones,Administracion de Empresas Agropecuarias,Ingenieria Civil,Sanidad y Saneamiento Ambiental,Enologia y Frutihorticultura,Contador Publico Nacional,Filosofia,Administracion Hospitalaria y de Sistemas de Salud,Finanzas y Negocios,Ingenieria Geodesta Geofisica, Nuclear, Energetica y en Petroleo,Administracion Publica,Frances,Formacion Docente para el nivel medio y/o superior universitario y no universitario,Ingenieria Industrial,Economia,Carrera No Definida,Administracion y Gestion Cultural,Ingles,Salud Publica,Bromatologia,Trabajo Social,Comunicacion Social,Enfermeria,Ingenieria Electromecanica,Historia,Sociologia,Fisica,Derecho y Ciencias Juridicas,Italiano,Formacion Docente para el nivel medio y/o superior universitario y no,Ingenieria Forestal e Industrias de la Madera,Nutricion,Computacion, Sistemas e Informatica,Formacion Docente de Nivel Superior y Universitario,Laboratorio,Estadistica,Tecnologia e Ingenieria en Alimentos,Letras,Fonoaudiologia,Antropologia,Artes Plasticas,Ciencia Politica,Matematica,Ingenieria Quimica,Quimica,Electronica,Ciencias del Ambiente y Recursos Naturales,Biologia,Turismo y Hoteleria,Dermatologia y Podologia,Ingenieria Electronica,Psicopedagogia,Contabilidad,Geografia,Geologia,Produccion e Ingenieria Agropecuaria"
Universidad del Aconcagua,Catamarca 147,http://apis.datos.gob.ar/georef/api/direcciones?direccion=Catamarca 147&provincia=50,"-32.889702977248035,-68.836339205674",-32.889702977248035,-68.836339205674,50007,Capital,-32.889702977248035,-68.836339205674,500007,Capital,50,Mendoza,"Economicas,Psicologia,Ingenieria,Tecnologia,Arte,Sociales,Abogado,Derecho,Educacion,Salud","Higiene y Seguridad Industrial,Gestion y Administracion de Empresas,Ciencias de la Educacion,Psicologia,Relaciones Publicas,Accidentologia,Administracion Hotelera,Ingenieria en Sistemas,Contador Publico Nacional,Administracion Hospitalaria y de Sistemas de Salud,Diseño Grafico,Formacion Docente para el nivel medio y/o superior universitario y no universitario,Economia,Obstetricia,Ingenieria en Telecomunicaciones,Trabajo Social,Educacion Fisica y Deportes,Notariado,Enfermeria,Comercializacion y Marketing,Sociologia,Derecho y Ciencias Juridicas,Formacion Docente para el nivel medio y/o superior universitario y no,Computacion, Sistemas e Informatica,Formacion Docente de Nivel Superior y Universitario,Bibliotecologia y Documentacion,Fonoaudiologia,Medicina,Abogacia,Comercio Exterior,Turismo y Hoteleria,Publicidad,Criminologia,Ingles,Radiologia y Diagnostico por Imagenes"
Universidad Nacional Arturo Jauretche,Calchaquí 6200,http://apis.datos.gob.ar/georef/api/direcciones?direccion=Calchaquí 6200&provincia=6,"-34.7751429,-58.2701046",-34.7751429,-58.2701046,06274,Florencio Varela,-34.7751429,-58.2701046,060274,Florencio Varela,06,Buenos Aires,"Economicas,Ingenieria,Tecnologia,Sociales,Naturales,Salud","Gestion y Administracion de Empresas,Accidentologia,Administracion de Empresas Agropecuarias,Quirofano,Ingenieria Geodesta Geofisica, Nuclear, Energetica y en Petroleo,Ingenieria Industrial,Economia,Trabajo Social,Farmacia,Enfermeria,Ingenieria Electromecanica,Relaciones Laborales,Computacion, Sistemas e Informatica,Logistica y Transportes,Kinesiologia,Medicina,Bioquimica,Ciencias del Ambiente y Recursos Naturales,Bioingenieria,Produccion e Ingenieria Agropecuaria"
